StartDate,EndDate,Status,IPAddress,Progress,Duration (in seconds),Finished,RecordedDate,ResponseId,RecipientLastName,RecipientFirstName,RecipientEmail,ExternalReference,LocationLatitude,LocationLongitude,DistributionChannel,UserLanguage,QID34,Q4_First Click,Q4_Last Click,Q4_Page Submit,Q4_Click Count,Q27_First Click,Q27_Last Click,Q27_Page Submit,Q27_Click Count,Q5_First Click,Q5_Last Click,Q5_Page Submit,Q5_Click Count,Q29_First Click,Q29_Last Click,Q29_Page Submit,Q29_Click Count,Q31_First Click,Q31_Last Click,Q31_Page Submit,Q31_Click Count,Q28_First Click,Q28_Last Click,Q28_Page Submit,Q28_Click Count,Q24_First Click,Q24_Last Click,SurveyTime,Q24_Click Count,Y1,Y2,Y3,Y4,Y5,Y6,Y7,Q25_First Click,Q25_Last Click,Q25_Page Submit,CovariateTime,Age,Education,Gender,LivingAreaAffected,ClimateChangeAwareness,PreTreatment,Income,PoliticalView,Community,AlwaysTrue,mTurkCode,Group,RejectedOutcomeQuestions,RejectedCovariateQuestions
11/14/19 12:57,11/14/19 12:58,IP Address,122.182.223.149,100,26,TRUE,11/14/19 12:58,R_1pVFv3WBu6zvZO5,,,,,12.97189331,77.59368896,anonymous,EN,No,,,,,,,,,,,,,,,,,,,,,,,,,,,,,,,,,,,,,,,,,,,,,,,,,,,,,
11/14/19 12:58,11/14/19 13:09,IP Address,148.87.23.4,100,608,TRUE,11/14/19 13:09,R_3PgAel7L7TaufgE,,,,,37.54969788,-121.9620972,anonymous,EN,Yes,,,,,,,,,,,,,,,,,0,0,173.513,0,0,0,269.822,0,15.315,76.388,78.251,7,Strongly agree,Strongly Agree,Strongly agree,Somewhat Disagree,Strongly agree,Strongly disagree,Somewhat agree,3.447,70.236,72.304,9,45-54 years,4 year degree,Male,Yes,No,Strongly agree,"More than $150,000",Neither Conservative nor Liberal,Urban,1,6.57E+11,Placebo,,
11/14/19 13:00,11/14/19 13:09,IP Address,148.87.23.8,100,523,TRUE,11/14/19 13:09,R_2DZyQc8t0nA94m5,,,,,37.54969788,-121.9620972,anonymous,EN,Yes,,,,,,,,,,,,,,,,,7.948,34.688,131.17,3,12.395,220.322,255.625,4,3.235,49.026,50.455,8,Strongly agree,Strongly Agree,Strongly agree,Strongly Disagree,Strongly agree,Strongly disagree,Strongly agree,2.235,42.814,44,9,45-54 years,Professional degree,Male,Yes,Yes,Neither agree nor disagree,"More than $150,000",Very Liberal,Suburban,1,4.32E+11,Placebo,,
11/14/19 12:58,11/14/19 13:11,IP Address,148.87.23.10,100,764,TRUE,11/14/19 13:11,R_vTxJskRsCdMgIhP,,,,,37.5625,-122.0003967,anonymous,EN,Yes,0,0,272.432,0,0,0,285.979,0,,,,,,,,,,,,,,,,,73.289,125.296,127.222,7,Neither agree nor disagree,Strongly Agree,Strongly agree,Strongly Agree,Strongly agree,Strongly disagree,Strongly agree,2.579,49.888,50.995,10,45-54 years,Professional degree,Female,Yes,No,Strongly agree,"More than $150,000",Slightly Conservative,Suburban,1,9.96E+11,Treatment,,
11/14/19 13:00,11/14/19 13:11,IP Address,76.93.146.33,100,715,TRUE,11/14/19 13:12,R_1l5Kbk9Bix0ZJBt,,,,,33.09240723,-117.2624054,anonymous,EN,Yes,0,0,235.002,0,0,0,276.173,0,,,,,,,,,,,,,,,,,3.19,38.91,40.411,8,Strongly agree,Strongly Agree,Strongly agree,Strongly Agree,Strongly agree,Strongly disagree,Strongly agree,2.537,39.082,40.751,9,55 years or older,4 year degree,Male,No,Yes,Strongly agree,"More than $150,000",Very Liberal,Suburban,1,5.76E+11,Treatment,,
11/14/19 13:02,11/14/19 13:12,IP Address,189.158.248.168,100,549,TRUE,11/14/19 13:12,R_268WRT2urrF5ITe,,,,,25.76150513,-100.2814026,anonymous,EN,Yes,,,,,,,,,,,,,,,,,0,0,135.652,0,0,0,260.974,0,7.365,64.862,66.686,7,Strongly agree,Somewhat Agree,Strongly agree,Somewhat Disagree,Somewhat agree,Strongly disagree,Strongly agree,2.579,54.514,55.841,10,45-54 years,Professional degree,Male,Yes,Yes,Somewhat agree,"$75,000 - $99,000",Slightly Conservative,Suburban,1,1.65E+11,Placebo,,
11/14/19 12:58,11/14/19 13:12,IP Address,209.17.40.40,100,826,TRUE,11/14/19 13:12,R_22rFzdUCHBEnU9s,,,,,37.75100708,-97.8219986,anonymous,EN,Yes,15.906,15.906,243.061,1,6.441,265.776,269.9,3,,,,,,,,,,,,,,,,,12.457,156.08,157.717,8,Somewhat agree,Somewhat Agree,Somewhat agree,Somewhat Agree,Somewhat agree,Somewhat disagree,Somewhat agree,5.527,120.05,124.897,9,55 years or older,4 year degree,Female,Yes,Yes,Neither agree nor disagree,"$100,000 - $149,000",Slightly Conservative,Suburban,1,7.55E+11,Treatment,,
11/14/19 13:04,11/14/19 13:14,IP Address,148.87.23.7,100,617,TRUE,11/14/19 13:14,R_3HFy0Kza4AIvh2q,,,,,37.55490112,-122.2707977,anonymous,EN,Yes,,,,,,,,,0,0,111.852,0,0,0,312.489,0,,,,,,,,,7.833,83.12,87.229,10,Somewhat agree,Strongly Agree,Strongly agree,Somewhat Agree,Somewhat agree,Strongly disagree,Somewhat disagree,3.251,71.789,73.36,10,55 years or older,Professional degree,Male,Yes,Yes,Strongly agree,"More than $150,000",Neither Conservative nor Liberal,Urban,1,9.88E+11,AntiTreatment,,
11/14/19 12:59,11/14/19 13:15,IP Address,148.87.23.6,100,967,TRUE,11/14/19 13:15,R_22FftXETYaTp7Xm,,,,,37.54969788,-121.9620972,anonymous,EN,Yes,,,,,,,,,,,,,,,,,0,0,180.922,0,0,0,486.551,0,13.546,159.683,162.665,7,Strongly agree,Strongly Agree,Strongly agree,Somewhat Disagree,Somewhat agree,Strongly disagree,Strongly agree,3.666,100.426,107.528,9,25-34 years,Professional degree,Female,Yes,No,Strongly agree,"$100,000 - $149,000",Neither Conservative nor Liberal,Suburban,1,2.72E+11,Placebo,,
11/14/19 12:59,11/14/19 13:16,IP Address,160.34.89.242,100,1058,TRUE,11/14/19 13:16,R_a5xaJmBHKcogiU9,,,,,41.84829712,-87.65170288,anonymous,EN,Yes,,,,,,,,,0,0,588.954,0,0,0,321.474,0,,,,,,,,,12.703,51.577,53.892,7,Strongly agree,Strongly Agree,Strongly agree,Strongly Agree,Strongly agree,Strongly disagree,Somewhat agree,3.418,42.853,45.519,9,35-44 years,4 year degree,Male,Yes,Yes,Strongly agree,"$100,000 - $149,000",Neither Conservative nor Liberal,Urban,1,4.80E+11,AntiTreatment,,
11/14/19 13:18,11/14/19 13:19,IP Address,148.87.23.4,100,14,TRUE,11/14/19 13:19,R_9FDcbsQfspvwwPT,,,,,37.5625,-122.0003967,anonymous,EN,No,,,,,,,,,,,,,,,,,,,,,,,,,,,,,,,,,,,,,,,,,,,,,,,,,,,,,
11/14/19 13:11,11/14/19 13:23,IP Address,148.87.23.12,100,759,TRUE,11/14/19 13:23,R_2dQ3E7Dk0GGjEUq,,,,,37.5625,-122.0003967,anonymous,EN,Yes,34.92,139.82,318.125,10,154.961,154.961,303.056,1,,,,,,,,,,,,,,,,,14.68,78.082,79.846,7,Strongly agree,Somewhat Agree,Strongly agree,Strongly Disagree,Strongly agree,Strongly disagree,Somewhat agree,2.644,42.429,45.004,9,45-54 years,Some college,Male,Yes,Yes,Strongly agree,"More than $150,000",Neither Conservative nor Liberal,Urban,1,3.74E+11,Treatment,,
11/14/19 13:17,11/14/19 13:34,IP Address,148.87.23.6,100,1026,TRUE,11/14/19 13:34,R_25FmViRDRFRSrEx,,,,,37.5625,-122.0003967,anonymous,EN,Yes,,,,,,,,,0,0,114.166,0,0,0,452.611,0,,,,,,,,,20.269,191.697,193.333,7,Strongly agree,Somewhat Agree,Somewhat agree,Strongly Disagree,Somewhat agree,Neither agree nor disagree,Somewhat agree,3.037,114.543,116.021,9,25-34 years,Professional degree,Female,Yes,No,Somewhat agree,"$100,000 - $149,000",Neither Conservative nor Liberal,Suburban,1,7.87E+11,AntiTreatment,,
11/14/19 13:30,11/14/19 13:40,IP Address,174.29.128.9,100,644,TRUE,11/14/19 13:40,R_2Y9Yqgm7fn2YxX7,,,,,39.76280212,-105.0262985,anonymous,EN,Yes,,,,,,,,,0,0,121.459,0,302.783,302.783,310.084,1,,,,,,,,,11.524,86.623,88.596,7,Somewhat agree,Neither Agree or Disagree,Neither agree nor disagree,Somewhat Disagree,Somewhat disagree,Somewhat disagree,Neither agree nor disagree,3.149,50.394,52.601,11,45-54 years,Some college,Other,No,No,Neither agree nor disagree,"More than $150,000",Neither Conservative nor Liberal,Rural,1,8.09E+11,AntiTreatment,,
11/14/19 13:30,11/14/19 13:41,IP Address,67.172.131.119,100,617,TRUE,11/14/19 13:41,R_qz29ajwWhQEJyRH,,,,,38.91290283,-104.7794037,anonymous,EN,Yes,1.303,233.573,235.132,4,3.066,276.397,277.438,2,,,,,,,,,,,,,,,,,3.751,38.455,40.301,8,Strongly disagree,Strongly Disagree,Strongly disagree,Strongly Disagree,Strongly disagree,Strongly agree,Strongly disagree,2.085,39.101,41.902,10,25-34 years,4 year degree,Male,Yes,Yes,Strongly disagree,"$75,000 - $99,000",Neither Conservative nor Liberal,Urban,1,6.47E+11,Treatment,,
11/14/19 13:38,11/14/19 13:49,IP Address,148.87.23.12,100,656,TRUE,11/14/19 13:49,R_20NIWiCGTVr8KpP,,,,,37.54969788,-121.9620972,anonymous,EN,Yes,,,,,,,,,,,,,,,,,5.051,158.951,160.064,3,254.828,254.828,259.83,1,4.848,80.438,82.138,10,Strongly agree,Strongly Agree,Strongly agree,Strongly Disagree,Strongly agree,Strongly disagree,Strongly agree,3.452,60.621,63.242,11,55 years or older,4 year degree,Male,Yes,Yes,Strongly agree,"More than $150,000",Very Conservative,Suburban,1,6.54E+11,Placebo,,
11/14/19 13:44,11/14/19 13:54,IP Address,73.15.65.119,100,605,TRUE,11/14/19 13:54,R_33BFuuAyr1isIKQ,,,,,37.31770325,-122.0438004,anonymous,EN,Yes,,,,,,,,,0,0,110.298,0,0,0,303.336,0,,,,,,,,,22.47,90.24,92.318,7,Strongly agree,Somewhat Agree,Somewhat agree,Somewhat Disagree,Somewhat agree,Strongly disagree,Somewhat agree,2.546,57.953,59.346,10,45-54 years,Professional degree,Male,No,Yes,Strongly agree,"More than $150,000",Slightly Liberal,Urban,1,3.52E+11,AntiTreatment,,
11/14/19 13:36,11/14/19 14:04,IP Address,148.87.23.6,100,1681,TRUE,11/14/19 14:04,R_1LesXWBiGvXbfU3,,,,,37.5625,-122.0003967,anonymous,EN,Yes,0,0,876.977,0,0,0,494.464,0,,,,,,,,,,,,,,,,,5.602,131.835,138.023,7,Somewhat agree,Somewhat Agree,Somewhat agree,Somewhat Agree,Neither agree nor disagree,Neither agree nor disagree,Strongly agree,2.388,45.269,46.69,9,25-34 years,Professional degree,Female,Yes,No,Strongly agree,"$100,000 - $149,000",Neither Conservative nor Liberal,Suburban,1,7.12E+11,Treatment,,
11/13/19 12:41,11/13/19 14:04,IP Address,148.87.23.6,72,4929,FALSE,11/14/19 14:04,R_1MYCdppYyqUZuLd,,,,,,,anonymous,EN,Yes,0,0,233.688,0,0,0,355.813,0,,,,,,,,,,,,,,,,,18.947,88.308,89.544,9,Strongly agree,Somewhat Disagree,Somewhat disagree,Somewhat Disagree,Somewhat disagree,Somewhat disagree,Strongly agree,,,,,,,,,,,,,,1,1.54E+11,Treatment,,
11/14/19 13:52,11/14/19 14:06,IP Address,148.87.23.8,100,860,TRUE,11/14/19 14:06,R_0TJ2E7TKVrX3O8N,,,,,37.5625,-122.0003967,anonymous,EN,Yes,,,,,,,,,,,,,,,,,0,0,170.898,0,0,0,323.207,0,18.623,108.475,110.385,7,Neither agree nor disagree,Somewhat Agree,Strongly agree,Somewhat Agree,Strongly agree,Strongly disagree,Strongly agree,4.546,100.385,101.609,9,35-44 years,Doctorate,Male,No,Yes,Strongly agree,"More than $150,000",Very Liberal,Suburban,1,1.82E+11,Placebo,,
11/14/19 13:40,11/14/19 14:09,IP Address,94.230.157.236,100,1710,TRUE,11/14/19 14:09,R_265RnGBZZGzY4TL,,,,,50.10510254,14.40159607,anonymous,EN,Yes,,,,,,,,,,,,,,,,,2.522,2.522,124.117,1,3.275,3.275,245.608,1,4.975,67.66,69.015,8,Strongly disagree,Strongly Disagree,Strongly disagree,Neither Agree or Disagree,Strongly disagree,Strongly agree,Strongly agree,4.256,69.01,70.581,9,35-44 years,Doctorate,Male,No,Yes,Strongly disagree,"$100,000 - $149,000",Slightly Conservative,Urban,1,1.28E+11,Placebo,,
11/14/19 14:14,11/14/19 14:23,IP Address,148.87.23.4,100,529,TRUE,11/14/19 14:23,R_2RWaRv9yvGXDn8g,,,,,37.5625,-122.0003967,anonymous,EN,Yes,,,,,,,,,,,,,,,,,0,0,128.242,0,0,0,242.282,0,10.64,89.551,90.757,7,Somewhat agree,Strongly Agree,Strongly agree,Strongly Disagree,Neither agree nor disagree,Neither agree nor disagree,Strongly agree,2.989,48.339,51.092,10,35-44 years,4 year degree,Male,No,No,Strongly agree,"More than $150,000",Slightly Liberal,Urban,1,9.28E+11,Placebo,,
11/14/19 14:19,11/14/19 14:31,IP Address,160.34.124.100,100,758,TRUE,11/14/19 14:31,R_ahCAr7cEm86AgyB,,,,,39.0480957,-77.47280121,anonymous,EN,Yes,8.585,8.585,239.056,1,7.765,7.765,293.842,1,,,,,,,,,,,,,,,,,29.062,100.635,106.043,7,Strongly agree,Neither Agree or Disagree,Strongly agree,Somewhat Disagree,Strongly agree,Somewhat disagree,Neither agree nor disagree,4.677,78.967,81.362,9,35-44 years,Professional degree,Male,Yes,No,Neither agree nor disagree,"More than $150,000",Neither Conservative nor Liberal,Urban,1,6.54E+11,Treatment,,
11/14/19 14:34,11/14/19 14:45,IP Address,148.87.23.12,100,620,TRUE,11/14/19 14:45,R_3D0JSakGILfqX9P,,,,,37.5625,-122.0003967,anonymous,EN,Yes,,,,,,,,,30.763,32.107,146.188,3,4.431,4.431,315.011,1,,,,,,,,,12.845,65.981,68.546,7,Strongly agree,Strongly Agree,Strongly agree,Somewhat Agree,Strongly agree,Strongly disagree,Strongly disagree,2.167,47.911,49.901,9,55 years or older,4 year degree,Male,No,Yes,Strongly agree,"More than $150,000",Very Liberal,Suburban,1,5.53E+11,AntiTreatment,,
11/14/19 14:50,11/14/19 15:03,IP Address,148.87.23.8,100,774,TRUE,11/14/19 15:03,R_2zTJMWPgQOTfXKF,,,,,37.5625,-122.0003967,anonymous,EN,Yes,0,0,234.124,0,0,0,278.355,0,,,,,,,,,,,,,,,,,6.977,78.895,81.092,7,Strongly agree,Strongly Agree,Strongly agree,Strongly Disagree,Strongly agree,Strongly disagree,Strongly agree,3.16,67.738,70.606,9,45-54 years,Professional degree,Male,No,Yes,Strongly agree,"$100,000 - $149,000",Slightly Liberal,Suburban,1,9.86E+11,Treatment,,
11/14/19 14:10,11/14/19 15:13,IP Address,209.17.40.42,100,3758,TRUE,11/14/19 15:13,R_238g06NeZSTWGxq,,,,,37.75100708,-97.8219986,anonymous,EN,Yes,,,,,,,,,4.107,4.107,3339.677,1,3.668,3.668,303.964,1,,,,,,,,,4.606,46.811,48.859,7,Somewhat agree,Neither Agree or Disagree,Somewhat agree,Neither Agree or Disagree,Somewhat disagree,Somewhat disagree,Neither agree nor disagree,2.56,43.16,45.478,9,45-54 years,4 year degree,Female,Yes,Yes,Neither agree nor disagree,"$100,000 - $149,000",Slightly Conservative,Rural,1,1.73E+11,AntiTreatment,,
11/14/19 15:31,11/14/19 15:43,IP Address,148.87.23.6,100,694,TRUE,11/14/19 15:43,R_8cZbh9vKAHNj2Kt,,,,,37.5625,-122.0003967,anonymous,EN,Yes,,,,,,,,,,,,,,,,,0,0,217.856,0,0,0,263.332,0,22.816,106.415,109.248,7,Strongly agree,Somewhat Agree,Somewhat agree,Strongly Disagree,Neither agree nor disagree,Strongly disagree,Somewhat agree,2.869,63.34,65.019,9,45-54 years,Professional degree,Male,No,Yes,Neither agree nor disagree,"$100,000 - $149,000",Neither Conservative nor Liberal,Urban,1,9.57E+11,Placebo,,
11/14/19 15:41,11/14/19 15:58,IP Address,76.176.144.131,100,1026,TRUE,11/14/19 15:58,R_3GClheIIVL8nKIm,,,,,32.85949707,-117.2124023,anonymous,EN,Yes,5.901,244.827,245.944,4,1.456,646.074,647.638,3,,,,,,,,,,,,,,,,,1.548,79.265,81.731,15,Strongly agree,Strongly Agree,Strongly agree,Somewhat Disagree,Strongly agree,Strongly disagree,Strongly agree,2.779,40.535,42.151,9,35-44 years,Professional degree,Male,Yes,Yes,Strongly agree,"More than $150,000",Slightly Liberal,Suburban,1,8.56E+11,Treatment,,
11/14/19 16:45,11/14/19 17:18,IP Address,128.149.8.70,100,2006,TRUE,11/14/19 17:18,R_324UWxC5Mm5GIIr,,,,,34.21879578,-118.1997986,anonymous,EN,Yes,4.471,15.875,228.789,4,15.316,263.659,266.494,16,,,,,,,,,,,,,,,,,5.699,37.243,39.256,8,Strongly agree,Somewhat Agree,Strongly agree,Strongly Disagree,Strongly agree,Strongly disagree,Strongly agree,1.297,39.241,40.467,12,25-34 years,4 year degree,Male,Yes,Yes,Strongly agree,"More than $150,000",Very Liberal,Suburban,1,7.04E+11,Treatment,,
11/14/19 17:13,11/14/19 17:21,IP Address,107.0.240.2,100,514,TRUE,11/14/19 17:21,R_2wvkfADLKUU4xGP,,,,,39.85450745,-75.37729645,anonymous,EN,Yes,,,,,,,,,0,0,121.645,0,0,0,303.718,0,,,,,,,,,7.946,39.759,40.701,7,Somewhat agree,Somewhat Disagree,Somewhat agree,Neither Agree or Disagree,Somewhat agree,Neither agree nor disagree,Somewhat agree,1.79,35.353,37.136,9,45-54 years,Professional degree,Female,Yes,Yes,Somewhat agree,"More than $150,000",Slightly Liberal,Urban,1,4.79E+11,AntiTreatment,,
11/14/19 17:59,11/14/19 18:12,IP Address,141.143.213.38,100,793,TRUE,11/14/19 18:12,R_xFpOedCcqfJUXAd,,,,,51.50340271,-0.687698364,anonymous,EN,Yes,0,0,233.669,0,0,0,278.168,0,,,,,,,,,,,,,,,,,34.988,140.914,142.57,7,Somewhat agree,Neither Agree or Disagree,Somewhat agree,Somewhat Disagree,Somewhat agree,Strongly disagree,Somewhat agree,3.462,123.582,125.777,9,55 years or older,Professional degree,Male,No,Yes,Somewhat agree,"$50,000 - $74,000",Neither Conservative nor Liberal,Suburban,1,2.81E+11,Treatment,,
11/14/19 18:06,11/14/19 18:16,IP Address,98.207.104.222,100,646,TRUE,11/14/19 18:16,R_1pFPgepvM19Ii3B,,,,,37.3973999,-122.0009995,anonymous,EN,Yes,,,,,,,,,0,0,106.882,0,0,0,307.354,0,,,,,,,,,8.756,73.73,78.605,7,Somewhat agree,Somewhat Disagree,Somewhat agree,Somewhat Agree,Somewhat disagree,Somewhat agree,Somewhat agree,3.139,116.086,118.355,9,45-54 years,4 year degree,Male,No,No,Strongly agree,"More than $150,000",Slightly Liberal,Suburban,1,6.48E+11,AntiTreatment,,
11/14/19 18:26,11/14/19 18:34,IP Address,183.83.253.249,100,489,TRUE,11/14/19 18:34,R_C3SHg8FIKrX7Rcd,,,,,17.38459778,78.45739746,anonymous,EN,Yes,,,,,,,,,,,,,,,,,12.119,128.095,137.139,4,10.653,241.33,241.9,33,4.278,53.139,54.1,7,Strongly agree,Strongly Agree,Somewhat agree,Strongly Disagree,Somewhat agree,Strongly disagree,Strongly agree,3.148,42.727,43.641,10,45-54 years,Professional degree,Male,Yes,Yes,Strongly agree,"More than $150,000",Slightly Liberal,Urban,1,9.95E+11,Placebo,,
11/14/19 19:19,11/14/19 19:35,IP Address,75.159.229.49,100,906,TRUE,11/14/19 19:35,R_vqR3Ix9nWBusPG9,,,,,53.48800659,-113.4796982,anonymous,EN,Yes,57.075,404.805,518.057,6,10.418,73.048,279.567,2,,,,,,,,,,,,,,,,,4.75,41.486,43.277,7,Somewhat agree,Strongly Agree,Strongly agree,Somewhat Disagree,Strongly agree,Somewhat disagree,Strongly agree,1.881,47.865,49.651,9,35-44 years,Professional degree,Male,No,Yes,Strongly agree,"More than $150,000",Slightly Liberal,Urban,1,5.95E+11,Treatment,,
11/14/19 21:16,11/14/19 21:26,IP Address,76.115.207.46,100,640,TRUE,11/14/19 21:26,R_3oA92SWCFqNJeQd,,,,,45.46099854,-122.7052002,anonymous,EN,Yes,,,,,,,,,,,,,,,,,0,0,228.382,0,9.113,9.113,261.555,1,4.191,67.86,69.494,7,Strongly agree,Strongly Agree,Strongly agree,Strongly Disagree,Strongly agree,Strongly disagree,Strongly agree,3.205,62.934,64.401,9,45-54 years,Professional degree,Male,Yes,No,Strongly agree,"$50,000 - $74,000",Slightly Liberal,Suburban,1,5.35E+11,Placebo,,
11/14/19 22:09,11/14/19 22:19,IP Address,73.241.245.78,100,626,TRUE,11/14/19 22:19,R_XiSQ1873Ltm6CJj,,,,,37.68640137,-121.7653961,anonymous,EN,Yes,148.986,159.536,268.465,4,206.742,206.742,276.241,1,,,,,,,,,,,,,,,,,2.09,34.367,35.57,7,Strongly agree,Strongly Agree,Strongly agree,Strongly Disagree,Strongly agree,Strongly disagree,Strongly agree,1.835,36.343,37.732,10,35-44 years,Doctorate,Male,Yes,Yes,Strongly agree,"More than $150,000",Slightly Liberal,Suburban,1,4.73E+11,Treatment,,
11/13/19 22:33,11/13/19 22:33,IP Address,71.202.32.67,31,4,FALSE,11/14/19 22:34,R_2dyTNHszMIih6hP,,,,,,,anonymous,EN,Yes,,,,,,,,,,,,,,,,,,,,,,,,,,,,,,,,,,,,,,,,,,,,,,,,,1,5.27E+11,Placebo,,
11/14/19 15:32,11/14/19 23:02,IP Address,73.71.128.166,100,26987,TRUE,11/14/19 23:02,R_0VAd0UMmc21KKdz,,,,,37.89379883,-122.530304,anonymous,EN,Yes,,,,,,,,,0,0,110.96,0,0,0,7656.504,0,,,,,,,,,39.738,136.448,137.982,7,Somewhat agree,Somewhat Agree,Somewhat disagree,Somewhat Disagree,Somewhat agree,Somewhat disagree,Somewhat agree,2.712,64.821,67.077,9,35-44 years,Professional degree,Male,Yes,No,Somewhat agree,"More than $150,000",Slightly Liberal,Suburban,1,5.19E+11,AntiTreatment,,
11/15/19 0:57,11/15/19 1:07,IP Address,160.34.126.141,100,623,TRUE,11/15/19 1:07,R_3MlJLVcSNJHk3aI,,,,,51.51319885,-0.096099854,anonymous,EN,Yes,,,,,,,,,115.527,115.527,123.863,1,94.625,94.625,310.506,1,,,,,,,,,12.107,101.883,103.666,9,Neither agree nor disagree,Neither Agree or Disagree,Somewhat disagree,Somewhat Agree,Somewhat disagree,Somewhat agree,Neither agree nor disagree,3.455,56.848,58.876,9,35-44 years,Professional degree,Male,No,No,Somewhat disagree,"$50,000 - $74,000",Neither Conservative nor Liberal,Urban,1,8.04E+11,AntiTreatment,,
11/14/19 23:21,11/15/19 2:59,IP Address,196.15.23.20,100,13057,TRUE,11/15/19 2:59,R_ysFjml0rhKba5Vv,,,,,12.97189331,77.59368896,anonymous,EN,Yes,0,0,236.27,0,269.63,269.63,279.049,1,,,,,,,,,,,,,,,,,2.981,55.893,57.636,9,Strongly agree,Strongly Agree,Strongly agree,Somewhat Agree,Somewhat agree,Strongly disagree,Strongly agree,1.598,66.766,68.8,10,25-34 years,4 year degree,Male,Yes,Yes,Strongly agree,"$50,000 - $74,000",Neither Conservative nor Liberal,Urban,1,8.25E+11,Treatment,,
11/15/19 3:55,11/15/19 4:05,IP Address,115.98.37.9,100,573,TRUE,11/15/19 4:05,R_1eS0L8sXR5ZISIz,,,,,17.38459778,78.45739746,anonymous,EN,Yes,,,,,,,,,,,,,,,,,121.294,121.294,139.546,1,174.914,174.914,262.542,1,11.937,55.995,56.415,8,Strongly agree,Strongly Agree,Strongly agree,Strongly Disagree,Strongly disagree,Strongly disagree,Somewhat agree,3.021,74.869,76.477,10,25-34 years,Professional degree,Male,No,No,Strongly agree,"Less than $50,000",Neither Conservative nor Liberal,Suburban,1,7.02E+11,Placebo,,
11/15/19 8:32,11/15/19 8:46,IP Address,129.157.69.43,100,786,TRUE,11/15/19 8:46,R_22Y9ZrTzG0rT1zn,,,,,39.68760681,-104.9103012,anonymous,EN,Yes,,,,,,,,,156.143,162.394,265.09,4,0,0,304.026,0,,,,,,,,,5.652,59.745,61.14,9,Strongly agree,Somewhat Disagree,Strongly agree,Somewhat Agree,Strongly agree,Somewhat disagree,Somewhat disagree,2.603,45.403,47.072,9,55 years or older,Professional degree,Male,No,Yes,Somewhat agree,"$100,000 - $149,000",Slightly Liberal,Urban,1,2.65E+11,AntiTreatment,,
11/15/19 8:54,11/15/19 9:23,IP Address,104.129.200.89,100,1724,TRUE,11/15/19 9:23,R_274lLVP5GcBQPm4,,,,,39.73880005,-104.9868011,anonymous,EN,Yes,,,,,,,,,,,,,,,,,0,0,130.322,0,1482.202,1482.202,1482.933,1,10.212,55.337,56.801,7,Somewhat agree,Neither Agree or Disagree,Somewhat agree,Neither Agree or Disagree,Somewhat disagree,Neither agree nor disagree,Somewhat agree,2.187,38.972,40.359,9,35-44 years,Professional degree,Male,No,No,Neither agree nor disagree,"More than $150,000",Slightly Conservative,Suburban,1,2.76E+11,Placebo,,
11/15/19 11:59,11/15/19 12:14,IP Address,88.4.134.3,100,874,TRUE,11/15/19 12:14,R_31hMFJsBstiPgT7,,,,,37.38340759,-5.978897095,anonymous,EN,Yes,0,0,247.655,0,0,0,398.553,0,,,,,,,,,,,,,,,,,9.837,111.481,112.871,7,Somewhat disagree,Somewhat Disagree,Somewhat disagree,Somewhat Agree,Somewhat disagree,Somewhat disagree,Somewhat disagree,2.545,64.407,66.124,9,45-54 years,Professional degree,Male,Yes,Yes,Somewhat disagree,"$100,000 - $149,000",Slightly Liberal,Urban,1,9.25E+11,Treatment,,
11/14/19 12:58,11/14/19 13:01,IP Address,76.176.156.15,35,133,FALSE,11/15/19 13:01,R_3MigLKzYR4HA26B,,,,,,,anonymous,EN,Yes,,,,,,,,,0,0,116.918,0,,,,,,,,,,,,,,,,,,,,,,,,,,,,,,,,,,,,,1,1.34E+11,AntiTreatment,,
11/14/19 13:01,11/14/19 13:01,IP Address,67.84.109.42,29,10,FALSE,11/15/19 13:01,R_22qXrguOswdc9hC,,,,,,,anonymous,EN,Yes,,,,,,,,,,,,,,,,,,,,,,,,,,,,,,,,,,,,,,,,,,,,,,,,,1,4.68E+11,AntiTreatment,,
11/14/19 13:02,11/14/19 13:03,IP Address,148.87.23.6,29,69,FALSE,11/15/19 13:03,R_3RyGk0A9b9Au8zV,,,,,,,anonymous,EN,Yes,,,,,,,,,,,,,,,,,,,,,,,,,,,,,,,,,,,,,,,,,,,,,,,,,1,6.64E+11,Placebo,,
11/14/19 13:09,11/14/19 13:22,IP Address,209.17.40.40,68,759,FALSE,11/15/19 13:22,R_30fbE4SNMFmttPh,,,,,,,anonymous,EN,Yes,,,,,,,,,,,,,,,,,0,0,128.601,0,0,0,264.923,0,4.881,72.808,76.176,8,Strongly agree,Neither Agree or Disagree,Somewhat agree,Somewhat Agree,Strongly agree,Strongly disagree,Strongly agree,,,,,,,,,,,,,,1,8.90E+11,Placebo,,
11/14/19 13:30,11/14/19 13:30,IP Address,174.254.129.84,29,17,FALSE,11/15/19 13:30,R_10wPhA1moR6KV8n,,,,,,,anonymous,EN,Yes,,,,,,,,,,,,,,,,,,,,,,,,,,,,,,,,,,,,,,,,,,,,,,,,,1,4.37E+11,Treatment,,
11/15/19 13:28,11/15/19 13:37,IP Address,107.0.240.2,100,522,TRUE,11/15/19 13:37,R_1mDlCUYFoZbLdWt,,,,,39.85450745,-75.37729645,anonymous,EN,Yes,,,,,,,,,3.261,3.261,103.784,1,0,0,303.556,0,,,,,,,,,9.287,59.745,61.956,7,Somewhat agree,Neither Agree or Disagree,Somewhat agree,Strongly Agree,Somewhat agree,Neither agree nor disagree,Somewhat disagree,2.272,38.368,39.774,10,25-34 years,4 year degree,Male,No,No,Somewhat agree,"More than $150,000",Slightly Liberal,Urban,1,2.24E+11,AntiTreatment,,
11/14/19 13:37,11/14/19 13:38,IP Address,148.87.23.6,29,45,FALSE,11/15/19 13:38,R_03v89PNnbVOveEN,,,,,,,anonymous,EN,Yes,,,,,,,,,,,,,,,,,,,,,,,,,,,,,,,,,,,,,,,,,,,,,,,,,1,7.56E+11,Placebo,,
11/14/19 13:40,11/14/19 13:44,IP Address,148.87.23.12,35,237,FALSE,11/15/19 13:44,R_1oiOAVk2DFy4C6I,,,,,,,anonymous,EN,Yes,,,,,,,,,33.041,33.041,192.519,1,,,,,,,,,,,,,,,,,,,,,,,,,,,,,,,,,,,,,1,1.60E+11,AntiTreatment,,
11/14/19 13:43,11/14/19 13:44,IP Address,160.34.92.192,29,66,FALSE,11/15/19 13:45,R_URUEF8RbLUPUQwx,,,,,,,anonymous,EN,Yes,,,,,,,,,,,,,,,,,,,,,,,,,,,,,,,,,,,,,,,,,,,,,,,,,1,4.75E+11,Treatment,,
11/14/19 13:50,11/14/19 13:56,IP Address,148.87.23.8,29,357,FALSE,11/15/19 13:56,R_6sMw4wfaF0P7Get,,,,,,,anonymous,EN,Yes,,,,,,,,,,,,,,,,,,,,,,,,,,,,,,,,,,,,,,,,,,,,,,,,,1,6.14E+11,AntiTreatment,,
11/14/19 13:56,11/14/19 13:57,IP Address,148.87.23.12,29,18,FALSE,11/15/19 13:57,R_2OJXjQzdk4zfdAj,,,,,,,anonymous,EN,Yes,,,,,,,,,,,,,,,,,,,,,,,,,,,,,,,,,,,,,,,,,,,,,,,,,1,8.81E+11,Treatment,,
11/14/19 14:04,11/14/19 14:04,IP Address,209.17.40.42,29,27,FALSE,11/15/19 14:05,R_1hLreFTvg79lCM7,,,,,,,anonymous,EN,Yes,,,,,,,,,,,,,,,,,,,,,,,,,,,,,,,,,,,,,,,,,,,,,,,,,1,5.46E+11,Treatment,,
11/14/19 14:20,11/14/19 14:23,IP Address,148.87.23.6,29,159,FALSE,11/15/19 14:23,R_1mCTD1x543Aa6FJ,,,,,,,anonymous,EN,Yes,,,,,,,,,,,,,,,,,,,,,,,,,,,,,,,,,,,,,,,,,,,,,,,,,1,4.87E+11,Placebo,,
11/14/19 14:22,11/14/19 14:29,IP Address,75.4.194.178,29,435,FALSE,11/15/19 14:29,R_RX05yW8qW6SHopH,,,,,,,anonymous,EN,Yes,,,,,,,,,,,,,,,,,,,,,,,,,,,,,,,,,,,,,,,,,,,,,,,,,1,4.61E+11,AntiTreatment,,
11/14/19 13:51,11/14/19 14:29,IP Address,148.87.23.4,35,2334,FALSE,11/15/19 14:30,R_3qx8uLhKaA7GUFr,,,,,,,anonymous,EN,Yes,113.258,132.141,2191.203,2,,,,,,,,,,,,,,,,,,,,,,,,,,,,,,,,,,,,,,,,,,,,,1,1.01E+11,Treatment,,
11/14/19 14:02,11/14/19 14:36,IP Address,209.17.40.39,42,2012,FALSE,11/15/19 14:36,R_1DJ7FXtDk6dk40q,,,,,,,anonymous,EN,Yes,,,,,,,,,6.67,6.67,121.419,1,5.546,713.857,762.613,9,,,,,,,,,,,,,,,,,,,,,,,,,,,,,,,,,1,10019199923,AntiTreatment,,
11/14/19 15:09,11/14/19 15:10,IP Address,148.87.23.7,29,57,FALSE,11/15/19 15:10,R_RPRR7PbiFiC94lz,,,,,,,anonymous,EN,Yes,,,,,,,,,,,,,,,,,,,,,,,,,,,,,,,,,,,,,,,,,,,,,,,,,1,5.29E+11,Placebo,,
11/14/19 15:28,11/14/19 15:28,IP Address,148.87.23.10,29,14,FALSE,11/15/19 15:28,R_3OokwFbcnmkofHB,,,,,,,anonymous,EN,Yes,,,,,,,,,,,,,,,,,,,,,,,,,,,,,,,,,,,,,,,,,,,,,,,,,1,68340949715,Treatment,,
11/15/19 15:21,11/15/19 15:30,IP Address,68.4.77.149,100,577,TRUE,11/15/19 15:30,R_12yGBE0bqUfJbFS,,,,,33.73890686,-117.7480011,anonymous,EN,Yes,,,,,,,,,,,,,,,,,13.691,13.691,142.061,1,0,0,259.235,0,4.475,83.45,85.874,7,Strongly agree,Somewhat Agree,Strongly agree,Strongly Disagree,Somewhat agree,Strongly disagree,Strongly agree,2.351,56.775,59.164,9,45-54 years,4 year degree,Male,No,No,Somewhat agree,"More than $150,000",Neither Conservative nor Liberal,Suburban,1,6.35E+11,Placebo,,
11/14/19 15:41,11/14/19 15:41,IP Address,73.15.7.183,29,20,FALSE,11/15/19 15:41,R_1NfaVmezfOdGmNO,,,,,,,anonymous,EN,Yes,,,,,,,,,,,,,,,,,,,,,,,,,,,,,,,,,,,,,,,,,,,,,,,,,1,1.76E+11,Treatment,,
11/14/19 15:48,11/14/19 15:48,IP Address,135.23.166.171,29,7,FALSE,11/15/19 15:48,R_3RjR7j4x85rDRNg,,,,,,,anonymous,EN,Yes,,,,,,,,,,,,,,,,,,,,,,,,,,,,,,,,,,,,,,,,,,,,,,,,,1,3.90E+11,AntiTreatment,,
11/15/19 16:05,11/15/19 16:14,IP Address,208.87.235.180,100,579,TRUE,11/15/19 16:14,R_3ixLjI7PPLS3JP9,,,,,34.05439758,-118.2440033,anonymous,EN,Yes,,,,,,,,,166.615,166.615,167.544,1,5.48,5.48,307.894,1,,,,,,,,,2.739,34.193,35.371,7,Strongly agree,Strongly Agree,Strongly agree,Somewhat Agree,Strongly agree,Strongly disagree,Strongly disagree,1.873,32.101,33.729,9,35-44 years,4 year degree,Female,Yes,Yes,Strongly agree,"More than $150,000",Very Liberal,Urban,1,1.90E+11,AntiTreatment,,
11/14/19 15:32,11/14/19 16:14,IP Address,206.80.25.138,35,2556,FALSE,11/15/19 16:14,R_31zbCPnPJ9opWqy,,,,,,,anonymous,EN,Yes,,,,,,,,,,,,,,,,,99.573,113.341,122.25,2,,,,,,,,,,,,,,,,,,,,,,,,,,,,,1,4.48E+11,Placebo,,
11/14/19 16:30,11/14/19 16:34,IP Address,148.87.23.12,35,197,FALSE,11/15/19 16:34,R_2Yrens1fzQonIt5,,,,,,,anonymous,EN,Yes,,,,,,,,,1.296,33.028,104.425,3,,,,,,,,,,,,,,,,,,,,,,,,,,,,,,,,,,,,,1,2.48E+11,AntiTreatment,,
11/14/19 16:17,11/14/19 16:34,IP Address,148.87.23.13,42,1044,FALSE,11/15/19 16:35,R_3NL1k0mnGvLfwjl,,,,,,,anonymous,EN,Yes,,,,,,,,,,,,,,,,,170.026,170.026,173.802,1,155.371,798.419,800.936,2,,,,,,,,,,,,,,,,,,,,,,,,,1,9.79E+11,Placebo,,
11/14/19 16:27,11/14/19 16:35,IP Address,38.98.37.137,29,484,FALSE,11/15/19 16:35,R_3J7Sj8xLG1jgTns,,,,,,,anonymous,EN,Yes,,,,,,,,,,,,,,,,,,,,,,,,,,,,,,,,,,,,,,,,,,,,,,,,,1,6.00E+11,Treatment,,
11/14/19 16:37,11/14/19 16:41,IP Address,148.87.23.6,29,211,FALSE,11/15/19 16:41,R_ylFJipTlPppyNwZ,,,,,,,anonymous,EN,Yes,,,,,,,,,,,,,,,,,,,,,,,,,,,,,,,,,,,,,,,,,,,,,,,,,1,79374470748,Placebo,,
11/14/19 17:02,11/14/19 17:02,IP Address,107.77.210.92,29,3,FALSE,11/15/19 17:02,R_2CsxfGYNoSs4cEI,,,,,,,anonymous,EN,Yes,,,,,,,,,,,,,,,,,,,,,,,,,,,,,,,,,,,,,,,,,,,,,,,,,1,4.91E+11,Placebo,,
11/14/19 13:00,11/14/19 18:06,IP Address,148.87.23.5,29,18394,FALSE,11/15/19 18:07,R_1PbpLYNx1wrTbjV,,,,,,,anonymous,EN,Yes,,,,,,,,,,,,,,,,,,,,,,,,,,,,,,,,,,,,,,,,,,,,,,,,,1,3.89E+11,Treatment,,
11/14/19 18:54,11/14/19 18:54,IP Address,196.15.23.22,29,43,FALSE,11/15/19 18:55,R_1C7aihND6LmDWki,,,,,,,anonymous,EN,Yes,,,,,,,,,,,,,,,,,,,,,,,,,,,,,,,,,,,,,,,,,,,,,,,,,1,7.75E+11,AntiTreatment,,
11/14/19 19:04,11/14/19 19:04,IP Address,45.56.150.151,29,23,FALSE,11/15/19 19:04,R_URdSRhSLV8XwlHP,,,,,,,anonymous,EN,Yes,,,,,,,,,,,,,,,,,,,,,,,,,,,,,,,,,,,,,,,,,,,,,,,,,1,5.75E+11,Placebo,,
11/15/19 18:58,11/15/19 19:22,IP Address,174.193.138.78,100,1466,TRUE,11/15/19 19:22,R_3hu1q9NQB9LFlV7,,,,,34.03129578,-118.3124008,anonymous,EN,Yes,2.532,244.54,245.644,2,0,0,1077.94,0,,,,,,,,,,,,,,,,,3.539,46.198,46.981,11,Strongly agree,Strongly Agree,Strongly agree,Strongly Disagree,Somewhat agree,Strongly disagree,Strongly agree,2.016,37.685,38.718,20,35-44 years,Professional degree,Female,Yes,Yes,Strongly agree,"More than $150,000",Very Liberal,Urban,1,8.83E+11,Treatment,,
11/14/19 15:27,11/14/19 19:44,IP Address,148.87.23.5,35,15431,FALSE,11/15/19 19:44,R_6QCzRs1u9DbIOkh,,,,,,,anonymous,EN,Yes,,,,,,,,,0,0,117.567,0,,,,,,,,,,,,,,,,,,,,,,,,,,,,,,,,,,,,,1,7.96E+11,AntiTreatment,,
11/15/19 20:40,11/15/19 20:57,IP Address,135.23.166.171,100,1069,TRUE,11/15/19 20:57,R_bwM1Ls3xaS7PuEx,,,,,43.56390381,-79.71720123,anonymous,EN,Yes,,,,,,,,,0,0,274.227,0,0,0,356.482,0,,,,,,,,,7.487,60.867,62.929,8,Neither agree nor disagree,Somewhat Agree,Somewhat agree,Somewhat Agree,Somewhat agree,Somewhat agree,Neither agree nor disagree,2.196,48.102,50.172,9,35-44 years,Professional degree,Male,No,No,Somewhat agree,"$100,000 - $149,000",Slightly Liberal,Urban,1,8.24E+11,AntiTreatment,,
11/15/19 21:29,11/15/19 21:38,IP Address,98.228.64.223,100,557,TRUE,11/15/19 21:38,R_3R8asiH56buqeTX,,,,,41.70570374,-88.19460297,anonymous,EN,Yes,,,,,,,,,,,,,,,,,4.451,4.451,149.705,1,0,0,262.214,0,8.124,77.571,79.098,7,Strongly agree,Strongly Agree,Strongly agree,Strongly Disagree,Somewhat agree,Strongly disagree,Strongly agree,1.907,54.482,56.737,10,35-44 years,Professional degree,Female,No,Yes,Strongly agree,"More than $150,000",Very Liberal,Suburban,1,4.70E+11,Placebo,,
11/14/19 21:40,11/14/19 21:41,IP Address,148.87.23.6,29,43,FALSE,11/15/19 21:42,R_ZK90DnDJy1dqQ2R,,,,,,,anonymous,EN,Yes,,,,,,,,,,,,,,,,,,,,,,,,,,,,,,,,,,,,,,,,,,,,,,,,,1,4.10E+11,Treatment,,
11/14/19 22:01,11/14/19 22:12,IP Address,73.241.245.78,42,657,FALSE,11/15/19 22:13,R_2BkZ4fuSdHMHXSm,,,,,,,anonymous,EN,Yes,,,,,,,,,12.43,12.43,121.341,1,5.852,478.03,478.687,13,,,,,,,,,,,,,,,,,,,,,,,,,,,,,,,,,1,9.46E+11,AntiTreatment,,
11/14/19 22:42,11/14/19 22:42,IP Address,45.18.231.86,29,22,FALSE,11/15/19 22:43,R_22xBXlNif2Jy6fo,,,,,,,anonymous,EN,Yes,,,,,,,,,,,,,,,,,,,,,,,,,,,,,,,,,,,,,,,,,,,,,,,,,1,3.44E+11,AntiTreatment,,
11/14/19 23:25,11/14/19 23:34,IP Address,202.45.129.182,42,536,FALSE,11/15/19 23:34,R_4ZSfZg2kTrJXQSB,,,,,,,anonymous,EN,Yes,,,,,,,,,,,,,,,,,0,0,141.956,0,0,0,258.757,0,,,,,,,,,,,,,,,,,,,,,,,,,1,3.21E+11,Placebo,,
11/14/19 13:45,11/14/19 23:56,IP Address,148.87.23.10,42,36665,FALSE,11/15/19 23:57,R_3nqMwJKNGnRFuOk,,,,,,,anonymous,EN,Yes,,,,,,,,,,,,,,,,,0,0,493.738,0,0,0,377.159,0,,,,,,,,,,,,,,,,,,,,,,,,,1,6.44E+11,Placebo,,
11/14/19 0:55,11/15/19 0:37,IP Address,45.18.231.86,31,85341,FALSE,11/16/19 0:38,R_1QawHi8KpNUdPp0,,,,,,,anonymous,EN,Yes,,,,,,,,,,,,,,,,,,,,,,,,,,,,,,,,,,,,,,,,,,,,,,,,,1,5.80E+11,Treatment,,
11/15/19 2:36,11/15/19 2:37,IP Address,209.17.40.38,29,50,FALSE,11/16/19 2:38,R_eM716FH68TfJCxz,,,,,,,anonymous,EN,Yes,,,,,,,,,,,,,,,,,,,,,,,,,,,,,,,,,,,,,,,,,,,,,,,,,1,1.97E+11,Placebo,,
11/15/19 5:21,11/15/19 5:21,IP Address,71.183.110.199,29,13,FALSE,11/16/19 5:21,R_eQdc8pAtBcOl3j3,,,,,,,anonymous,EN,Yes,,,,,,,,,,,,,,,,,,,,,,,,,,,,,,,,,,,,,,,,,,,,,,,,,1,2.06E+11,Treatment,,
11/14/19 12:59,11/15/19 6:18,IP Address,209.17.40.42,35,62304,FALSE,11/16/19 6:18,R_1ml4efoVSyqk6HX,,,,,,,anonymous,EN,Yes,,,,,,,,,0,0,217.428,0,,,,,,,,,,,,,,,,,,,,,,,,,,,,,,,,,,,,,1,8.63E+11,AntiTreatment,,
11/15/19 21:06,11/15/19 21:06,IP Address,135.23.166.171,29,11,FALSE,11/16/19 21:07,R_10vI2IV8DUBHRUU,,,,,,,anonymous,EN,Yes,,,,,,,,,,,,,,,,,,,,,,,,,,,,,,,,,,,,,,,,,,,,,,,,,1,9.16E+11,Treatment,,
11/17/19 14:08,11/17/19 14:20,IP Address,68.49.104.134,100,747,TRUE,11/17/19 14:20,R_1o0zGLyaZHT33gD,,,,,42.28070068,-83.78009796,anonymous,EN,Yes,0,0,296.074,0,0,0,361.813,0,,,,,,,,,,,,,,,,,3,39.727,40.251,9,Somewhat agree,Strongly Agree,Strongly agree,Somewhat Agree,Somewhat agree,Strongly disagree,Strongly agree,2.009,30.409,32.461,9,25-34 years,Professional degree,Female,No,Yes,Strongly agree,"$75,000 - $99,000",Slightly Liberal,Suburban,1,4.02E+11,Treatment,,
11/17/19 13:24,11/17/19 13:27,IP Address,67.165.164.206,35,143,FALSE,11/18/19 13:27,R_1NFBFcZnGbf5DBE,,,,,,,anonymous,EN,Yes,,,,,,,,,,,,,,,,,56.039,114.136,121.665,3,,,,,,,,,,,,,,,,,,,,,,,,,,,,,1,5.41E+11,Placebo,,
11/20/19 1:58,11/20/19 2:08,IP Address,196.15.23.10,100,616,TRUE,11/20/19 2:08,R_1IjgRPUHMA9Mwdq,,,,,12.97189331,77.59368896,anonymous,EN,Yes,,,,,,,,,0,0,124.402,0,0,0,317.621,0,,,,,,,,,7.114,72.453,74.04,9,Strongly agree,Strongly Agree,Strongly agree,Strongly Disagree,Strongly agree,Strongly disagree,Neither agree nor disagree,3.705,64.253,65.472,10,35-44 years,Professional degree,Male,No,No,Strongly agree,"Less than $50,000",Slightly Conservative,Urban,1,6.72E+11,AntiTreatment,,
11/21/19 10:07,11/21/19 10:22,IP Address,41.210.143.21,100,911,TRUE,11/21/19 10:22,R_2rAEPsW4eoNBJGc,,,,,0.316192627,32.56570435,anonymous,EN,Yes,0,0,259.097,0,0,0,394.029,0,,,,,,,,,,,,,,,,,15.174,105.628,106.285,9,Somewhat agree,Somewhat Agree,Strongly agree,Somewhat Disagree,Neither agree nor disagree,Strongly disagree,Strongly agree,2.825,83.106,88.668,9,25-34 years,4 year degree,Male,No,No,Strongly agree,"Less than $50,000",Very Liberal,Urban,1,7.14E+11,Treatment,,
11/21/19 13:26,11/21/19 13:35,IP Address,148.87.23.13,100,541,TRUE,11/21/19 13:35,R_udXrAQBXq4T3bup,,,,,37.40730286,-121.9389954,anonymous,EN,Yes,,,,,,,,,,,,,,,,,0,0,137.656,0,0,0,249.413,0,9.991,82.786,83.953,7,Strongly agree,Strongly Agree,Strongly agree,Strongly Disagree,Strongly agree,Strongly disagree,Strongly agree,2.276,51.029,53.573,9,55 years or older,Professional degree,Male,Yes,No,Strongly agree,"More than $150,000",Very Liberal,Suburban,1,5.24E+11,Placebo,,
11/20/19 19:43,11/20/19 19:44,IP Address,209.66.64.67,29,10,FALSE,11/21/19 19:44,R_2wyv94Wm9VY7r99,,,,,,,anonymous,EN,Yes,,,,,,,,,,,,,,,,,,,,,,,,,,,,,,,,,,,,,,,,,,,,,,,,,1,1.68E+11,AntiTreatment,,